[
        {
          "name": "The Shota",
          "latitude": 37.7915182,
          "longitude": -122.4009242,
          "address": "115 Sansome St.",
          "businessid": "13420",
          "streetUsps": null,
          "urlSlug": "theshotasf",
          "city": "San Francisco",
          "region": "California"
        },
        {
          "name": "Yuji",
          "latitude": 37.7856487,
          "longitude": -122.4299838,
          "address": "1700 Post St., Unit K",
          "businessid": "28641",
          "streetUsps": null,
          "urlSlug": "yuji",
          "city": "San Francisco",
          "region": "California"
        },
        {
          "name": "Omakase",
          "latitude": 37.77077,
          "longitude": -122.40298,
          "address": "665 Townsend St.",
          "businessid": "6736",
          "streetUsps": "665 TOWNSEND ST",
          "urlSlug": "omakasesf",
          "city": "San Francisco",
          "region": "California"
        },
        {
          "name": "Ssal",
          "latitude": 37.7972584,
          "longitude": -122.4219651,
          "address": "2226 Polk St.",
          "businessid": "19093",
          "streetUsps": null,
          "urlSlug": "ssal",
          "city": "San Francisco",
          "region": "California"
        },
        {
          "name": "SingleThread",
          "latitude": 38.6122599,
          "longitude": -122.8697229,
          "address": "131 North St.",
          "businessid": "156",
          "streetUsps": "131 NORTH ST",
          "urlSlug": "singlethreadfarms",
          "city": "Healdsburg",
          "region": "California"
        },
        {
          "name": "Le Fantastique",
          "latitude": 37.7746773,
          "longitude": -122.4207902,
          "address": "22 Franklin St.",
          "businessid": "24068",
          "streetUsps": null,
          "urlSlug": "lefantastique",
          "city": "San Francisco",
          "region": "California"
        },
        {
          "name": "Angler SF",
          "latitude": 37.793167,
          "longitude": -122.39213,
          "address": "132 The Embarcadero",
          "businessid": "5996",
          "streetUsps": "132 THE EMBARCADERO",
          "urlSlug": "angler",
          "city": "San Francisco",
          "region": "California"
        },
        {
          "name": "Birch & Rye",
          "latitude": 37.7509,
          "longitude": -122.43424,
          "address": "1320 Castro St.",
          "businessid": "25766",
          "streetUsps": null,
          "urlSlug": "birchandrye",
          "city": "San Francisco",
          "region": "California"
        },
        {
          "name": "Osito",
          "latitude": 37.761698,
          "longitude": -122.4108346,
          "address": "2875 18th St.",
          "businessid": "20139",
          "streetUsps": null,
          "urlSlug": "osito",
          "city": "San Francisco",
          "region": "California"
        },
        {
          "name": "Mentone",
          "latitude": 36.9789673,
          "longitude": -121.8995341,
          "address": "174 Aptos Village Way",
          "businessid": "9688",
          "streetUsps": null,
          "urlSlug": "mentone",
          "city": "Aptos",
          "region": "California"
        },
        {
          "name": "ICHIDO",
          "latitude": null,
          "longitude": null,
          "address": "50 Apparel Way",
          "businessid": "4762",
          "streetUsps": "50 APPAREL WAY",
          "urlSlug": "ichido",
          "city": "San Francisco",
          "region": "California"
        },
        {
          "name": "Atelier Crenn",
          "latitude": 37.79835,
          "longitude": -122.43586,
          "address": "3127 Fillmore St.",
          "businessid": "826",
          "streetUsps": "3127 FILLMORE ST",
          "urlSlug": "ateliercrenn",
          "city": "San Francisco",
          "region": "California"
        },
        {
          "name": "Um.ma",
          "latitude": 37.764766,
          "longitude": -122.466364,
          "address": "1220 Ninth Ave.",
          "businessid": "19841",
          "streetUsps": null,
          "urlSlug": "umma",
          "city": "San Francisco",
          "region": "California"
        },
        {
          "name": "Sierra Mar",
          "latitude": 36.229935,
          "longitude": -121.7717,
          "address": "47900 CA-1",
          "businessid": "5146",
          "streetUsps": null,
          "urlSlug": "sierramarpostranchinn",
          "city": "Big Sur",
          "region": "California"
        },
        {
          "name": "Nisei",
          "latitude": 37.797982,
          "longitude": -122.4221988,
          "address": "2316 Polk St.",
          "businessid": "12157",
          "streetUsps": null,
          "urlSlug": "nisei",
          "city": "San Francisco",
          "region": "California"
        },
        {
          "name": "Merchant Roots",
          "latitude": 37.7820215,
          "longitude": -122.432447,
          "address": "1365 Fillmore St.",
          "businessid": "2100",
          "streetUsps": "1365 FILLMORE ST",
          "urlSlug": "thetableatmerchantroots",
          "city": "San Francisco",
          "region": "California"
        },
        {
          "name": "Harbor House",
          "latitude": 39.135876,
          "longitude": -123.719444,
          "address": "5600 CA-1",
          "businessid": "1003",
          "streetUsps": null,
          "urlSlug": "theharborhouseinn",
          "city": "Elk",
          "region": "California"
        },
        {
          "name": "Sabio on Main",
          "latitude": 37.6605365,
          "longitude": -121.8758887,
          "address": "501 Main St.",
          "businessid": "14549",
          "streetUsps": null,
          "urlSlug": "sabioonmain",
          "city": "Pleasanton",
          "region": "California"
        },
        {
          "name": "Avery",
          "latitude": 37.7841057,
          "longitude": -122.4327933,
          "address": "1552 Fillmore St.",
          "businessid": "2314",
          "streetUsps": "1552 FILLMORE ST",
          "urlSlug": "avery",
          "city": "San Francisco",
          "region": "California"
        },
        {
          "name": "Gozu",
          "latitude": 37.7912032,
          "longitude": -122.3922445,
          "address": "201 Spear St.",
          "businessid": "7656",
          "streetUsps": null,
          "urlSlug": "gozu",
          "city": "San Francisco",
          "region": "California"
        },
        {
          "name": "Hilda and Jesse",
          "latitude": null,
          "longitude": null,
          "address": "701 Union St",
          "businessid": "8802",
          "streetUsps": "701 UNION ST",
          "urlSlug": "hildaandjesse",
          "city": "San Francisco",
          "region": "California"
        },
        {
          "name": "3rd Cousin",
          "latitude": 37.7390026,
          "longitude": -122.4136903,
          "address": "919 Cortland Ave.",
          "businessid": "13810",
          "streetUsps": null,
          "urlSlug": "3rdcousin",
          "city": "San Francisco",
          "region": "California"
        },
        {
          "name": "CreoLa",
          "latitude": null,
          "longitude": null,
          "address": "344 El Camino Real",
          "businessid": "8122",
          "streetUsps": "344 EL CAMINO REAL",
          "urlSlug": "creola",
          "city": "San Carlos",
          "region": "California"
        },
        {
          "name": "Le Comptoir at Bar Crenn",
          "latitude": 37.798435,
          "longitude": -122.43581,
          "address": "3131 Fillmore St.",
          "businessid": "1477",
          "streetUsps": "3131 FILLMORE ST",
          "urlSlug": "barcrenn",
          "city": "San Francisco",
          "region": "California"
        },
        {
          "name": "Manresa",
          "latitude": 37.22761,
          "longitude": -121.98071,
          "address": "320 Village Ln.",
          "businessid": "6464",
          "streetUsps": "320 VILLAGE LN",
          "urlSlug": "manresa",
          "city": "Los Gatos",
          "region": "California"
        },
        {
          "name": "1601 Bar & Kitchen",
          "latitude": 37.7716945,
          "longitude": -122.4169036,
          "address": "1601 Howard St.",
          "businessid": "1672",
          "streetUsps": "1601 HOWARD ST",
          "urlSlug": "1601sf",
          "city": "San Francisco",
          "region": "California"
        },
        {
          "name": "Sushi Shin",
          "latitude": 37.4871305,
          "longitude": -122.2323102,
          "address": "312 Arguello St.",
          "businessid": "17471",
          "streetUsps": null,
          "urlSlug": "sushishin",
          "city": "Redwood City",
          "region": "California"
        },
        {
          "name": "The Matheson",
          "latitude": 38.6103905,
          "longitude": -122.8700559,
          "address": "106 Matheson St.",
          "businessid": "26683",
          "streetUsps": null,
          "urlSlug": "thematheson",
          "city": "Healdsburg",
          "region": "California"
        },
        {
          "name": "Ad Hoc",
          "latitude": 38.39921,
          "longitude": -122.35846,
          "address": "6476 Washington St.",
          "businessid": "6102",
          "streetUsps": null,
          "urlSlug": "adhoc",
          "city": "Napa",
          "region": "California"
        },
        {
          "name": "Californios",
          "latitude": 37.7712406,
          "longitude": -122.4131414,
          "address": "3115 22nd Street",
          "businessid": "1015",
          "streetUsps": "3115 22ND ST",
          "urlSlug": "californiossf",
          "city": "San Francisco",
          "region": "California"
        },
        {
          "name": "TIPS ROADSIDE",
          "latitude": null,
          "longitude": null,
          "address": "8445 Sonoma Hwy",
          "businessid": "4735",
          "streetUsps": "8445 SONOMA HWY",
          "urlSlug": "tipsroadside",
          "city": "Kenwood",
          "region": "California"
        },
        {
          "name": "AVERY",
          "latitude": null,
          "longitude": null,
          "address": "1552 Fillmore Street ",
          "businessid": "2314",
          "streetUsps": "1552 FILLMORE ST",
          "urlSlug": "avery",
          "city": "San Francisco",
          "region": "California"
        },
        {
          "name": "La Toque",
          "latitude": 38.30351,
          "longitude": -122.28349,
          "address": "1314 McKinstry St.",
          "businessid": "4354",
          "streetUsps": null,
          "urlSlug": "latoque",
          "city": "Rutherford",
          "region": "California"
        },
        {
          "name": "Noodle in a Haystack",
          "latitude": null,
          "longitude": null,
          "address": "4601 Geary Blvd",
          "businessid": "2600",
          "streetUsps": "4601 GEARY BLVD",
          "urlSlug": "noodleinahaystack",
          "city": "San Francisco",
          "region": "California"
        },
        {
          "name": "Anaviv’s Table",
          "latitude": null,
          "longitude": null,
          "address": "600 Hoffman Boulevard",
          "businessid": "7217",
          "streetUsps": "600 HOFFMAN BLVD",
          "urlSlug": "anavivstable",
          "city": "Richmond",
          "region": "California"
        },
        {
          "name": "Stockhome Petaluma",
          "latitude": null,
          "longitude": null,
          "address": "220 Western Avenue",
          "businessid": "6053",
          "streetUsps": "220 WESTERN AVE",
          "urlSlug": "stockhomepetaluma",
          "city": "Petaluma",
          "region": "California"
        },
        {
          "name": "Anomaly",
          "latitude": null,
          "longitude": null,
          "address": "2495 3rd St",
          "businessid": "3031",
          "streetUsps": "2495 3RD ST",
          "urlSlug": "anomaly",
          "city": "San Francisco",
          "region": "California"
        },
        {
          "name": "Saison",
          "latitude": 37.76327,
          "longitude": -122.41543,
          "address": "178 Townsend St.",
          "businessid": "227",
          "streetUsps": "178 TOWNSEND ST",
          "urlSlug": "saison",
          "city": "San Francisco",
          "region": "California"
        },
        {
          "name": "The French Laundry",
          "latitude": 38.40443,
          "longitude": -122.36474,
          "address": "6640 Washington St.",
          "businessid": "667",
          "streetUsps": "6640 WASHINGTON ST",
          "urlSlug": "tfl",
          "city": "Yountville",
          "region": "California"
        },
        {
          "name": "San Ho Won",
          "latitude": 37.7595744,
          "longitude": -122.4100236,
          "address": "2170 Bryant St.",
          "businessid": "25420",
          "streetUsps": null,
          "urlSlug": "sanhowon",
          "city": "San Francisco",
          "region": "California"
        },
        {
          "name": "Navio",
          "latitude": 37.43336,
          "longitude": -122.44099,
          "address": "1 Miramontes Point Rd.",
          "businessid": "6896",
          "streetUsps": "1 MIRAMONTES POINT RD",
          "urlSlug": "navio",
          "city": "Half Moon Bay",
          "region": "California"
        },
        {
          "name": "Palette Tea House",
          "latitude": 37.8061062,
          "longitude": -122.4227522,
          "address": "816 Folsom Street",
          "businessid": "7954",
          "streetUsps": "816 FOLSOM ST",
          "urlSlug": "palette",
          "city": "San Francisco",
          "region": "California"
        },
        {
          "name": "Acquerello",
          "latitude": 37.79167,
          "longitude": -122.42131,
          "address": "1722 Sacramento St.",
          "businessid": "12359",
          "streetUsps": "1722 SACRAMENTO ST",
          "urlSlug": "acquerellosf",
          "city": "San Francisco",
          "region": "California"
        },
        {
          "name": "Cyrus",
          "latitude": 38.706504,
          "longitude": -122.9006172,
          "address": "275 CA-128",
          "businessid": "27018",
          "streetUsps": null,
          "urlSlug": "cyrus",
          "city": "Geyserville",
          "region": "California"
        },
        {
          "name": "The Bywater",
          "latitude": 37.232773,
          "longitude": -121.979004,
          "address": "532 N. Santa Cruz Ave.",
          "businessid": "25979",
          "streetUsps": "532 N SANTA CRUZ AVE",
          "urlSlug": "thebywater",
          "city": "Los Gatos",
          "region": "California"
        },
        {
          "name": "Ampersand",
          "latitude": null,
          "longitude": null,
          "address": "2190 Market St",
          "businessid": "7833",
          "streetUsps": "2190 MARKET ST",
          "urlSlug": "ampersand",
          "city": "San Francisco",
          "region": "California"
        },
        {
          "name": "Alderwood Santa Cruz",
          "latitude": null,
          "longitude": null,
          "address": "155 Walnut Ave",
          "businessid": "3258",
          "streetUsps": "155 WALNUT AVE",
          "urlSlug": "alderwood",
          "city": "Santa Cruz",
          "region": "California"
        },
        {
          "name": "Early to Rise",
          "latitude": null,
          "longitude": null,
          "address": "1098 Jackson St",
          "businessid": "7621",
          "streetUsps": "1098 JACKSON ST",
          "urlSlug": "early-to-rise",
          "city": "San Francisco",
          "region": "California"
        },
        {
          "name": "Materials + Methods",
          "latitude": null,
          "longitude": null,
          "address": null,
          "businessid": "3035",
          "streetUsps": null,
          "urlSlug": "materialsandmethods",
          "city": "San Francisco",
          "region": "California"
        },
        {
          "name": "Hén-zhì",
          "latitude": null,
          "longitude": null,
          "address": "3340 E 12th St",
          "businessid": "8465",
          "streetUsps": "3340 E 12TH ST",
          "urlSlug": "hen-zhi",
          "city": "Oakland",
          "region": "California"
        },
        {
          "name": "Benu",
          "latitude": 37.7853763,
          "longitude": -122.3990601,
          "address": "22 Hawthorne St.",
          "businessid": "10775",
          "streetUsps": "22 HAWTHORNE ST",
          "urlSlug": "benu",
          "city": "San Francisco",
          "region": "California"
        },
        {
          "name": "Dutt House",
          "latitude": null,
          "longitude": null,
          "address": "Naked Kitchen",
          "businessid": "7999",
          "streetUsps": null,
          "urlSlug": "dutthouse",
          "city": "San Francisco",
          "region": "California"
        },
        {
          "name": "Gracias Madre SF",
          "latitude": 37.76162,
          "longitude": -122.419304,
          "address": "2211 Mission St.",
          "businessid": "27767",
          "streetUsps": null,
          "urlSlug": "graciasmadresanfrancisco",
          "city": "San Francisco",
          "region": "California"
        },
        {
          "name": "Bad Vegan",
          "latitude": null,
          "longitude": null,
          "address": "1735 Polk St.",
          "businessid": "8229",
          "streetUsps": "1735 POLK ST",
          "urlSlug": "badvegansf",
          "city": "San Francisco",
          "region": "California"
        },
        {
          "name": "Alexander's Steakhouse",
          "latitude": 37.3282,
          "longitude": -122.01396,
          "address": "19379 Stevens Creek Blvd.",
          "businessid": "1279",
          "streetUsps": "19379 STEVENS CREEK BLVD",
          "urlSlug": "alexanderssanfran",
          "city": "Cupertino",
          "region": "California"
        },
        {
          "name": "The Conservatory ",
          "latitude": null,
          "longitude": null,
          "address": "1 Miramontes Point Road",
          "businessid": "8821",
          "streetUsps": "1 MIRAMONTES POINT RD",
          "urlSlug": "conservatoryhalfmoonbay",
          "city": "Half Moon Bay",
          "region": "California"
        },
        {
          "name": "Lazy Bear",
          "latitude": 37.7602404,
          "longitude": -122.4196716,
          "address": "3416 19th St.",
          "businessid": "73",
          "streetUsps": "3416 19TH ST",
          "urlSlug": "lazybearsf",
          "city": "San Francisco",
          "region": "California"
        },
        {
          "name": "True Laurel",
          "latitude": 37.759403,
          "longitude": -122.41158,
          "address": "753 Alabama St.",
          "businessid": "1593",
          "streetUsps": "753 ALABAMA ST",
          "urlSlug": "truelaurelsf",
          "city": "San Francisco",
          "region": "California"
        }
      ]